-- MySQL dump 10.13  Distrib 5.6.30, for debian-linux-gnu (x86_64)
--
-- Host: localhost    Database: DBSYSTEM
-- ------------------------------------------------------
-- Server version	5.6.30-1

/*!40101 SET @OLD_CHARACTER_SET_CLIENT=@@CHARACTER_SET_CLIENT */;
/*!40101 SET @OLD_CHARACTER_SET_RESULTS=@@CHARACTER_SET_RESULTS */;
/*!40101 SET @OLD_COLLATION_CONNECTION=@@COLLATION_CONNECTION */;
/*!40101 SET NAMES utf8 */;
/*!40103 SET @OLD_TIME_ZONE=@@TIME_ZONE */;
/*!40103 SET TIME_ZONE='+00:00' */;
/*!40014 SET @OLD_UNIQUE_CHECKS=@@UNIQUE_CHECKS, UNIQUE_CHECKS=0 */;
/*!40014 SET @OLD_FOREIGN_KEY_CHECKS=@@FOREIGN_KEY_CHECKS, FOREIGN_KEY_CHECKS=0 */;
/*!40101 SET @OLD_SQL_MODE=@@SQL_MODE, SQL_MODE='NO_AUTO_VALUE_ON_ZERO' */;
/*!40111 SET @OLD_SQL_NOTES=@@SQL_NOTES, SQL_NOTES=0 */;

--
-- Table structure for table `GOOD`
--

DROP TABLE IF EXISTS `GOOD`;
/*!40101 SET @saved_cs_client     = @@character_set_client */;
/*!40101 SET character_set_client = utf8 */;
CREATE TABLE `GOOD` (
  `GID` char(9) NOT NULL,
  `UID` char(9) NOT NULL,
  `GNAME` char(20) NOT NULL,
  `GPRICE` float NOT NULL,
  `GINFO` text,
  PRIMARY KEY (`GID`),
  KEY `UID` (`UID`),
  CONSTRAINT `GOOD_ibfk_1` FOREIGN KEY (`UID`) REFERENCES `USER` (`UID`)
) ENGINE=InnoDB DEFAULT CHARSET=utf8;
/*!40101 SET character_set_client = @saved_cs_client */;

--
-- Dumping data for table `GOOD`
--

LOCK TABLES `GOOD` WRITE;
/*!40000 ALTER TABLE `GOOD` DISABLE KEYS */;
INSERT INTO `GOOD` VALUES ('160000002','160000003','地狱拉面',3,'进口拉面,实在是太辣了,有没有需要的?'),('160000003','160000003','iphone5',200,'已坏,低价出售!'),('160000004','160000003','四六级耳机',15,'跟了我三年了,质量还是扛扛的!'),('160000005','160000004','<<福尔摩斯探案集>>',5,'旧书摊的心理学书,低价甩卖了.'),('160000007','160000005','周胖的袜子',5,'两双打包出售'),('160000008','160000005','柱娘的畿䇑',10,'特别香特别好吃'),('160000009','160000005','地狱胖次',19.9,'总有一款适合您'),('160000010','160000004','sql注入与防御',30,'学前端或后端必备啊'),('160000011','160000004',' 优酷会员出租',3,'3元一天'),('160000012','160000005','原味丝袜',199,'老司机看过来啊'),('160000013','160000004','大雁魔方',333,'不卖只是想炫炫'),('160000014','160000005','数字图像课设源码',50,'包学包过上门一对一指导'),('160000015','160000005','毕向东JAVA视频全集',20,'适合新手，讲解幽默');
/*!40000 ALTER TABLE `GOOD` ENABLE KEYS */;
UNLOCK TABLES;

--
-- Table structure for table `ORDERTABLE`
--

DROP TABLE IF EXISTS `ORDERTABLE`;
/*!40101 SET @saved_cs_client     = @@character_set_client */;
/*!40101 SET character_set_client = utf8 */;
CREATE TABLE `ORDERTABLE` (
  `OID` char(9) NOT NULL,
  `UID` char(9) NOT NULL,
  `GID` char(9) NOT NULL,
  `ORDER_TIME` timestamp NOT NULL DEFAULT CURRENT_TIMESTAMP,
  PRIMARY KEY (`UID`,`GID`),
  UNIQUE KEY `OID` (`OID`),
  KEY `GID` (`GID`),
  CONSTRAINT `ORDERTABLE_ibfk_1` FOREIGN KEY (`UID`) REFERENCES `USER` (`UID`),
  CONSTRAINT `ORDERTABLE_ibfk_2` FOREIGN KEY (`GID`) REFERENCES `GOOD` (`GID`)
) ENGINE=InnoDB DEFAULT CHARSET=utf8;
/*!40101 SET character_set_client = @saved_cs_client */;

--
-- Dumping data for table `ORDERTABLE`
--

LOCK TABLES `ORDERTABLE` WRITE;
/*!40000 ALTER TABLE `ORDERTABLE` DISABLE KEYS */;
INSERT INTO `ORDERTABLE` VALUES ('160000002','160000002','160000002','2016-12-15 11:17:37'),('160000003','160000002','160000003','2016-12-15 11:18:16'),('160000004','160000002','160000004','2016-12-15 11:18:19'),('160000005','160000002','160000005','2016-12-15 11:18:25'),('160000007','160000006','160000007','2016-12-16 20:49:17');
/*!40000 ALTER TABLE `ORDERTABLE` ENABLE KEYS */;
UNLOCK TABLES;

--
-- Table structure for table `USER`
--

DROP TABLE IF EXISTS `USER`;
/*!40101 SET @saved_cs_client     = @@character_set_client */;
/*!40101 SET character_set_client = utf8 */;
CREATE TABLE `USER` (
  `UID` char(9) NOT NULL,
  `USERNAME` char(20) NOT NULL,
  `USERTYPE` char(1) NOT NULL DEFAULT '3',
  `PASSWD` char(100) NOT NULL,
  `CONTACT` char(11) DEFAULT NULL,
  `EMAIL` char(50) NOT NULL,
  PRIMARY KEY (`UID`),
  UNIQUE KEY `USERNAME` (`USERNAME`)
) ENGINE=InnoDB DEFAULT CHARSET=utf8;
/*!40101 SET character_set_client = @saved_cs_client */;

--
-- Dumping data for table `USER`
--

LOCK TABLES `USER` WRITE;
/*!40000 ALTER TABLE `USER` DISABLE KEYS */;
INSERT INTO `USER` VALUES ('160000001','admin','1','5baa61e4c9b93f3f0682250b6cf8331b7ee68fd8','buzhidao','ruguoyouyitian@gmail.com'),('160000002','jinlin','3','e74b2a84ad0d214da262a91c276b1c48c97973e0','15521135086','898141731@qq.com'),('160000003','hacker','2','7c4a8d09ca3762af61e59520943dc26494f8941b','165644','1352151710@qq.com'),('160000004','fbi','2','e74b2a84ad0d214da262a91c276b1c48c97973e0','123456','keshe@163.com'),('160000005','进弈的爸爸','2','ac3b3b33363a6d0b6975549c9f82e20edae1ff4a','18813291625','1026182002@qq.com'),('160000006','我回去跟我妈说','3','ac3b3b33363a6d0b6975549c9f82e20edae1ff4a','18813291625','1026182002@qq.com');
/*!40000 ALTER TABLE `USER` ENABLE KEYS */;
UNLOCK TABLES;
/*!40103 SET TIME_ZONE=@OLD_TIME_ZONE */;

/*!40101 SET SQL_MODE=@OLD_SQL_MODE */;
/*!40014 SET FOREIGN_KEY_CHECKS=@OLD_FOREIGN_KEY_CHECKS */;
/*!40014 SET UNIQUE_CHECKS=@OLD_UNIQUE_CHECKS */;
/*!40101 SET CHARACTER_SET_CLIENT=@OLD_CHARACTER_SET_CLIENT */;
/*!40101 SET CHARACTER_SET_RESULTS=@OLD_CHARACTER_SET_RESULTS */;
/*!40101 SET COLLATION_CONNECTION=@OLD_COLLATION_CONNECTION */;
/*!40111 SET SQL_NOTES=@OLD_SQL_NOTES */;

-- Dump completed on 2016-12-17 19:01:15
